,power_power_plant,total_modules,modules_amount,tables_display,comprimento_mesa,largura_mesa,tables_amount,cobre_nu,haste,elcectodes_connector,foundation_connector,splitbolt
0,0.0,0,[0.0],[1],-7.0,6797.0,1.0,21.58,4.0,4.0,4.0,4.0
1,1.62,3,[3.0],[1],1134.0,6797.0,1.0,23.862,4.0,4.0,4.0,4.0
2,3.24,6,[6.0],[1],2275.0,6797.0,1.0,26.144,4.0,4.0,4.0,4.0
3,4.86,9,[9.0],[1],3416.0,6797.0,1.0,28.426,4.0,4.0,4.0,4.0
4,6.48,12,[12.0],[1],4557.0,6797.0,1.0,30.708,4.0,4.0,4.0,4.0
5,8.1,15,[15.0],[1],5698.0,6797.0,1.0,32.99,4.0,4.0,4.0,4.0
6,9.72,18,[18.0],[1],6839.0,6797.0,1.0,35.272,4.0,4.0,4.0,4.0
7,11.34,21,[21.0],[1],7980.0,6797.0,1.0,37.554,4.0,4.0,4.0,4.0
8,12.96,24,[24.0],[1],9121.0,6797.0,1.0,39.836,4.0,4.0,4.0,4.0
9,14.58,27,[27.0],[1],10262.0,6797.0,1.0,42.118,4.0,4.0,4.0,4.0
10,16.2,30,[30.0],[1],11403.0,6797.0,1.0,44.4,4.0,4.0,4.0,4.0
11,17.82,33,[33.0],[1],12544.0,6797.0,1.0,46.682,4.0,4.0,4.0,4.0
12,19.44,36,[36.0],[1],13685.0,6797.0,1.0,48.964,4.0,4.0,4.0,4.0
13,21.06,39,[39.0],[1],14826.0,6797.0,1.0,51.246,4.0,4.0,4.0,4.0
14,22.68,42,[42.0],[1],15967.0,6797.0,1.0,53.528,4.0,4.0,4.0,4.0
15,24.3,45,[45.0],[1],17108.0,6797.0,1.0,55.81,4.0,4.0,4.0,4.0
16,25.92,48,[48.0],[1],18249.0,6797.0,1.0,58.092,6.0,6.0,6.0,6.0
17,27.54,51,[51.0],[1],19390.0,6797.0,1.0,60.374,6.0,6.0,6.0,6.0
18,29.16,54,[54.0],[1],20531.0,6797.0,1.0,62.656,6.0,6.0,6.0,6.0
19,30.78,57,[57.0],[1],21672.0,6797.0,1.0,64.938,6.0,6.0,6.0,6.0
20,32.4,60,[60.0],[1],22813.0,6797.0,1.0,67.22,6.0,6.0,6.0,6.0
21,34.02,63,[63.0],[1],23954.0,6797.0,1.0,69.502,6.0,6.0,6.0,6.0
22,35.64,66,[66.0],[1],25095.0,6797.0,1.0,71.784,6.0,6.0,6.0,6.0
23,37.26,69,"[33, 36]","[1.0, 1.0]",13685.0,18594.0,2.0,72.558,6.0,6.0,6.0,6.0
24,38.88,72,[36.0],[2],13685.0,18594.0,2.0,72.558,6.0,6.0,6.0,6.0
25,40.5,75,"[36, 39]","[1.0, 1.0]",14826.0,18594.0,2.0,74.84,6.0,6.0,6.0,6.0
26,42.12,78,[39.0],[2],14826.0,18594.0,2.0,74.84,6.0,6.0,6.0,6.0
27,43.74,81,"[39, 42]","[1.0, 1.0]",15967.0,18594.0,2.0,77.122,6.0,6.0,6.0,6.0
28,45.36,84,[42.0],[2],15967.0,18594.0,2.0,77.122,6.0,6.0,6.0,6.0
29,46.98,87,"[42, 45]","[1.0, 1.0]",17108.0,18594.0,2.0,79.404,6.0,6.0,6.0,6.0
30,48.6,90,[45.0],[2],17108.0,18594.0,2.0,79.404,6.0,6.0,6.0,6.0
31,50.22,93,"[45, 48]","[1.0, 1.0]",18249.0,18594.0,2.0,81.686,8.0,8.0,8.0,8.0
32,51.84,96,[48.0],[2],18249.0,18594.0,2.0,81.686,8.0,8.0,8.0,8.0
33,53.46,99,"[48, 51]","[1.0, 1.0]",19390.0,18594.0,2.0,83.968,8.0,8.0,8.0,8.0
34,55.08,102,[51.0],[2],19390.0,18594.0,2.0,83.968,8.0,8.0,8.0,8.0
35,56.7,105,"[51, 54]","[1.0, 1.0]",20531.0,18594.0,2.0,86.25,8.0,8.0,8.0,8.0
36,58.32,108,[54.0],[2],20531.0,18594.0,2.0,86.25,8.0,8.0,8.0,8.0
37,59.94,111,"[54, 57]","[1.0, 1.0]",21672.0,18594.0,2.0,88.532,8.0,8.0,8.0,8.0
38,61.56,114,[57.0],[2],21672.0,18594.0,2.0,88.532,8.0,8.0,8.0,8.0
39,63.18,117,"[57, 60]","[1.0, 1.0]",22813.0,18594.0,2.0,90.814,8.0,8.0,8.0,8.0
40,64.8,120,[60.0],[2],22813.0,18594.0,2.0,90.814,8.0,8.0,8.0,8.0
41,66.42,123,"[60, 63]","[1.0, 1.0]",23954.0,18594.0,2.0,93.096,8.0,8.0,8.0,8.0
42,68.04,126,[63.0],[2],23954.0,18594.0,2.0,93.096,8.0,8.0,8.0,8.0
43,69.66,129,"[63, 66]","[1.0, 1.0]",25095.0,18594.0,2.0,95.378,8.0,8.0,8.0,8.0
44,71.28,132,[66.0],[2],25095.0,18594.0,2.0,95.378,8.0,8.0,8.0,8.0
45,72.9,135,"[66, 69]","[1.0, 1.0]",26236.0,18594.0,2.0,97.66,8.0,8.0,8.0,8.0
46,74.52,138,[69.0],[2],26236.0,18594.0,2.0,97.66,8.0,8.0,8.0,8.0
47,76.14,141,"[69, 72]","[1.0, 1.0]",27377.0,18594.0,2.0,99.942,8.0,8.0,8.0,8.0
48,77.76,144,[72.0],[2],27377.0,18594.0,2.0,99.942,8.0,8.0,8.0,8.0
49,79.38,147,"[72, 75]","[1.0, 1.0]",28518.0,18594.0,2.0,102.224,8.0,8.0,8.0,8.0
50,81.0,150,[75.0],[2],28518.0,18594.0,2.0,102.224,8.0,8.0,8.0,8.0
51,82.62,153,"[75, 78]","[1.0, 1.0]",29659.0,18594.0,2.0,104.506,8.0,8.0,8.0,8.0
52,84.24,156,[78.0],[2],29659.0,18594.0,2.0,104.506,8.0,8.0,8.0,8.0
53,85.86,159,"[78, 81]","[1.0, 1.0]",30800.0,18594.0,2.0,106.788,8.0,8.0,8.0,8.0
54,87.48,162,[81.0],[2],30800.0,18594.0,2.0,106.788,8.0,8.0,8.0,8.0
55,89.1,165,"[81, 84]","[1.0, 1.0]",31941.0,18594.0,2.0,109.07,8.0,8.0,8.0,8.0
56,90.72,168,[84.0],[2],31941.0,18594.0,2.0,109.07,8.0,8.0,8.0,8.0
57,92.34,171,"[84, 87]","[1.0, 1.0]",33082.0,18594.0,2.0,111.352,8.0,8.0,8.0,8.0
58,93.96,174,[87.0],[2],33082.0,18594.0,2.0,111.352,8.0,8.0,8.0,8.0
59,95.58,177,"[87, 90]","[1.0, 1.0]",34223.0,18594.0,2.0,113.634,8.0,8.0,8.0,8.0
60,97.2,180,[90.0],[2],34223.0,18594.0,2.0,113.634,8.0,8.0,8.0,8.0
61,98.82,183,"[90, 93]","[1.0, 1.0]",35364.0,18594.0,2.0,115.916,8.0,8.0,8.0,8.0
62,100.44,186,[93.0],[2],35364.0,18594.0,2.0,115.916,8.0,8.0,8.0,8.0
63,102.06,189,"[93, 96]","[1.0, 1.0]",36505.0,18594.0,2.0,118.198,8.0,8.0,8.0,8.0
64,103.68,192,[96.0],[2],36505.0,18594.0,2.0,118.198,8.0,8.0,8.0,8.0
65,105.3,195,"[96, 99]","[1.0, 1.0]",37646.0,18594.0,2.0,120.48,8.0,8.0,8.0,8.0
66,106.92,198,[99.0],[2],37646.0,18594.0,2.0,120.48,8.0,8.0,8.0,8.0
67,108.54,201,"[99, 102]","[1.0, 1.0]",38787.0,18594.0,2.0,122.762,10.0,10.0,10.0,10.0
68,110.16,204,[102.0],[2],38787.0,18594.0,2.0,122.762,10.0,10.0,10.0,10.0
69,111.78,207,[69.0],[3],26236.0,30391.0,3.0,149.49,11.0,11.0,10.0,11.0
70,113.4,210,[105.0],[2],39928.0,18594.0,2.0,125.044,10.0,10.0,10.0,10.0
71,115.02,213,"[69, 72]","[1.0, 2.0]",27377.0,30391.0,3.0,152.913,11.0,11.0,10.0,11.0
72,116.64,216,[108.0],[2],41069.0,18594.0,2.0,127.326,10.0,10.0,10.0,10.0
73,118.26,219,"[72, 75]","[2.0, 1.0]",28518.0,30391.0,3.0,156.336,11.0,11.0,10.0,11.0
74,119.88,222,[111.0],[2],42210.0,18594.0,2.0,129.608,10.0,10.0,10.0,10.0
75,121.5,225,[75.0],[3],28518.0,30391.0,3.0,156.336,11.0,11.0,10.0,11.0
76,123.12,228,[114.0],[2],43351.0,18594.0,2.0,131.89,10.0,10.0,10.0,10.0
77,124.74,231,"[75, 78]","[1.0, 2.0]",29659.0,30391.0,3.0,159.759,11.0,11.0,10.0,11.0
78,126.36,234,[117.0],[2],44492.0,18594.0,2.0,134.172,10.0,10.0,10.0,10.0
79,127.98,237,"[78, 81]","[2.0, 1.0]",30800.0,30391.0,3.0,163.182,11.0,11.0,10.0,11.0
80,129.6,240,[120.0],[2],45633.0,18594.0,2.0,136.454,10.0,10.0,10.0,10.0
81,131.22,243,[81.0],[3],30800.0,30391.0,3.0,163.182,11.0,11.0,10.0,11.0
82,132.84,246,[123.0],[2],46774.0,18594.0,2.0,138.736,10.0,10.0,10.0,10.0
83,134.46,249,"[81, 84]","[1.0, 2.0]",31941.0,30391.0,3.0,166.605,11.0,11.0,10.0,11.0
84,136.08,252,[84.0],[3],31941.0,30391.0,3.0,166.605,11.0,11.0,10.0,11.0
85,137.7,255,"[84, 87]","[2.0, 1.0]",33082.0,30391.0,3.0,170.028,11.0,11.0,10.0,11.0
86,139.32,258,[129.0],[2],49056.0,18594.0,2.0,143.3,10.0,10.0,10.0,10.0
87,140.94,261,[87.0],[3],33082.0,30391.0,3.0,170.028,11.0,11.0,10.0,11.0
88,142.56,264,[132.0],[2],50197.0,18594.0,2.0,145.582,10.0,10.0,10.0,10.0
89,144.18,267,"[87, 90]","[1.0, 2.0]",34223.0,30391.0,3.0,173.451,11.0,11.0,10.0,11.0
90,145.8,270,[90.0],[3],34223.0,30391.0,3.0,173.451,11.0,11.0,10.0,11.0
91,147.42,273,"[90, 93]","[2.0, 1.0]",35364.0,30391.0,3.0,176.874,11.0,11.0,10.0,11.0
92,149.04,276,[138.0],[2],52479.0,18594.0,2.0,150.146,10.0,10.0,10.0,10.0
93,150.66,279,[93.0],[3],35364.0,30391.0,3.0,176.874,11.0,11.0,10.0,11.0
94,152.28,282,[141.0],[2],53620.0,18594.0,2.0,152.428,10.0,10.0,10.0,10.0
95,153.9,285,"[93, 96]","[1.0, 2.0]",36505.0,30391.0,3.0,180.297,11.0,11.0,10.0,11.0
96,155.52,288,[96.0],[3],36505.0,30391.0,3.0,180.297,11.0,11.0,10.0,11.0
97,157.14,291,"[96, 99]","[2.0, 1.0]",37646.0,30391.0,3.0,183.72,11.0,11.0,10.0,11.0
98,158.76,294,[147.0],[2],55902.0,18594.0,2.0,156.992,10.0,10.0,10.0,10.0
99,160.38,297,[99.0],[3],37646.0,30391.0,3.0,183.72,11.0,11.0,10.0,11.0
100,162.0,300,[150.0],[2],57043.0,18594.0,2.0,159.274,10.0,10.0,10.0,10.0
101,163.62,303,"[99, 102]","[1.0, 2.0]",38787.0,30391.0,3.0,187.143,14.0,14.0,13.0,14.0
102,165.24,306,[102.0],[3],38787.0,30391.0,3.0,187.143,14.0,14.0,13.0,14.0
103,166.86,309,"[102, 105]","[2.0, 1.0]",39928.0,30391.0,3.0,190.566,14.0,14.0,13.0,14.0
104,168.48,312,[156.0],[2],59325.0,18594.0,2.0,163.838,12.0,12.0,12.0,12.0
105,170.1,315,[105.0],[3],39928.0,30391.0,3.0,190.566,14.0,14.0,13.0,14.0
106,171.72,318,[159.0],[2],60466.0,18594.0,2.0,166.12,12.0,12.0,12.0,12.0
107,173.34,321,"[105, 108]","[1.0, 2.0]",41069.0,30391.0,3.0,193.989,14.0,14.0,13.0,14.0
108,174.96,324,[108.0],[3],41069.0,30391.0,3.0,193.989,14.0,14.0,13.0,14.0
109,176.58,327,"[108, 111]","[2.0, 1.0]",42210.0,30391.0,3.0,197.412,14.0,14.0,13.0,14.0
110,178.2,330,[165.0],[2],62748.0,18594.0,2.0,170.684,12.0,12.0,12.0,12.0
111,179.82,333,[111.0],[3],42210.0,30391.0,3.0,197.412,14.0,14.0,13.0,14.0
112,181.44,336,[168.0],[2],63889.0,18594.0,2.0,172.966,12.0,12.0,12.0,12.0
113,183.06,339,"[111, 114]","[1.0, 2.0]",43351.0,30391.0,3.0,200.835,14.0,14.0,13.0,14.0
114,184.68,342,[114.0],[3],43351.0,30391.0,3.0,200.835,14.0,14.0,13.0,14.0
115,186.3,345,"[114, 117]","[2.0, 1.0]",44492.0,30391.0,3.0,204.258,14.0,14.0,13.0,14.0
116,187.92,348,[174.0],[2],66171.0,18594.0,2.0,177.53,12.0,12.0,12.0,12.0
117,189.54,351,[117.0],[3],44492.0,30391.0,3.0,204.258,14.0,14.0,13.0,14.0
118,191.16,354,[177.0],[2],67312.0,18594.0,2.0,179.812,12.0,12.0,12.0,12.0
119,192.78,357,"[117, 120]","[1.0, 2.0]",45633.0,30391.0,3.0,207.681,14.0,14.0,13.0,14.0
120,194.4,360,[120.0],[3],45633.0,30391.0,3.0,207.681,14.0,14.0,13.0,14.0
121,196.02,363,"[120, 123]","[2.0, 1.0]",46774.0,30391.0,3.0,211.104,14.0,14.0,13.0,14.0
122,197.64,366,"[120, 123]","[1.0, 2.0]",46774.0,30391.0,3.0,211.104,14.0,14.0,13.0,14.0
123,199.26,369,[123.0],[3],46774.0,30391.0,3.0,211.104,14.0,14.0,13.0,14.0
124,200.88,372,"[123, 126]","[2.0, 1.0]",47915.0,30391.0,3.0,214.527,14.0,14.0,13.0,14.0
125,202.5,375,"[123, 126]","[1.0, 2.0]",47915.0,30391.0,3.0,214.527,14.0,14.0,13.0,14.0
126,204.12,378,[126.0],[3],47915.0,30391.0,3.0,214.527,14.0,14.0,13.0,14.0
127,205.74,381,"[126, 129]","[2.0, 1.0]",49056.0,30391.0,3.0,217.95,14.0,14.0,13.0,14.0
128,207.36,384,"[126, 129]","[1.0, 2.0]",49056.0,30391.0,3.0,217.95,14.0,14.0,13.0,14.0
129,208.98,387,[129.0],[3],49056.0,30391.0,3.0,217.95,14.0,14.0,13.0,14.0
130,210.6,390,"[129, 132]","[2.0, 1.0]",50197.0,30391.0,3.0,221.373,14.0,14.0,13.0,14.0
131,212.22,393,"[129, 132]","[1.0, 2.0]",50197.0,30391.0,3.0,221.373,14.0,14.0,13.0,14.0
132,213.84,396,[132.0],[3],50197.0,30391.0,3.0,221.373,14.0,14.0,13.0,14.0
133,215.46,399,"[132, 135]","[2.0, 1.0]",51338.0,30391.0,3.0,224.796,14.0,14.0,13.0,14.0
134,217.08,402,"[132, 135]","[1.0, 2.0]",51338.0,30391.0,3.0,224.796,14.0,14.0,13.0,14.0
135,218.7,405,[135.0],[3],51338.0,30391.0,3.0,224.796,14.0,14.0,13.0,14.0
136,220.32,408,"[135, 138]","[2.0, 1.0]",52479.0,30391.0,3.0,228.219,14.0,14.0,13.0,14.0
137,221.94,411,"[135, 138]","[1.0, 2.0]",52479.0,30391.0,3.0,228.219,14.0,14.0,13.0,14.0
138,223.56,414,[138.0],[3],52479.0,30391.0,3.0,228.219,14.0,14.0,13.0,14.0
139,225.18,417,"[138, 141]","[2.0, 1.0]",53620.0,30391.0,3.0,231.642,14.0,14.0,13.0,14.0
140,226.8,420,"[138, 141]","[1.0, 2.0]",53620.0,30391.0,3.0,231.642,14.0,14.0,13.0,14.0
141,228.42,423,[141.0],[3],53620.0,30391.0,3.0,231.642,14.0,14.0,13.0,14.0
142,230.04,426,"[141, 144]","[2.0, 1.0]",54761.0,30391.0,3.0,235.065,14.0,14.0,13.0,14.0
143,231.66,429,"[141, 144]","[1.0, 2.0]",54761.0,30391.0,3.0,235.065,14.0,14.0,13.0,14.0
144,233.28,432,[144.0],[3],54761.0,30391.0,3.0,235.065,14.0,14.0,13.0,14.0
145,234.9,435,"[108, 111]","[3.0, 1.0]",42210.0,42188.0,4.0,265.216,18.0,18.0,16.0,18.0
146,236.52,438,"[108, 111]","[2.0, 2.0]",42210.0,42188.0,4.0,265.216,18.0,18.0,16.0,18.0
147,238.14,441,[147.0],[3],55902.0,30391.0,3.0,238.488,14.0,14.0,13.0,14.0
148,239.76,444,[111.0],[4],42210.0,42188.0,4.0,265.216,18.0,18.0,16.0,18.0
149,241.38,447,"[111, 114]","[3.0, 1.0]",43351.0,42188.0,4.0,269.78,18.0,18.0,16.0,18.0
150,243.0,450,[150.0],[3],57043.0,30391.0,3.0,241.911,14.0,14.0,13.0,14.0
151,244.62,453,"[111, 114]","[1.0, 3.0]",43351.0,42188.0,4.0,269.78,18.0,18.0,16.0,18.0
152,246.24,456,[114.0],[4],43351.0,42188.0,4.0,269.78,18.0,18.0,16.0,18.0
153,247.86,459,[153.0],[3],58184.0,30391.0,3.0,245.334,17.0,17.0,16.0,17.0
154,249.48,462,"[114, 117]","[2.0, 2.0]",44492.0,42188.0,4.0,274.344,18.0,18.0,16.0,18.0
155,251.1,465,"[114, 117]","[1.0, 3.0]",44492.0,42188.0,4.0,274.344,18.0,18.0,16.0,18.0
156,252.72,468,[117.0],[4],44492.0,42188.0,4.0,274.344,18.0,18.0,16.0,18.0
157,254.34,471,"[117, 120]","[3.0, 1.0]",45633.0,42188.0,4.0,278.908,18.0,18.0,16.0,18.0
158,255.96,474,"[117, 120]","[2.0, 2.0]",45633.0,42188.0,4.0,278.908,18.0,18.0,16.0,18.0
159,257.58,477,[159.0],[3],60466.0,30391.0,3.0,252.18,17.0,17.0,16.0,17.0
160,259.2,480,[120.0],[4],45633.0,42188.0,4.0,278.908,18.0,18.0,16.0,18.0
161,260.82,483,"[120, 123]","[3.0, 1.0]",46774.0,42188.0,4.0,283.472,18.0,18.0,16.0,18.0
162,262.44,486,[162.0],[3],61607.0,30391.0,3.0,255.603,17.0,17.0,16.0,17.0
163,264.06,489,"[120, 123]","[1.0, 3.0]",46774.0,42188.0,4.0,283.472,18.0,18.0,16.0,18.0
164,265.68,492,[123.0],[4],46774.0,42188.0,4.0,283.472,18.0,18.0,16.0,18.0
165,267.3,495,[165.0],[3],62748.0,30391.0,3.0,259.026,17.0,17.0,16.0,17.0
166,268.92,498,"[123, 126]","[2.0, 2.0]",47915.0,42188.0,4.0,288.036,18.0,18.0,16.0,18.0
167,270.54,501,"[123, 126]","[1.0, 3.0]",47915.0,42188.0,4.0,288.036,18.0,18.0,16.0,18.0
168,272.16,504,[126.0],[4],47915.0,42188.0,4.0,288.036,18.0,18.0,16.0,18.0
169,273.78,507,"[126, 129]","[3.0, 1.0]",49056.0,42188.0,4.0,292.6,18.0,18.0,16.0,18.0
170,275.4,510,"[126, 129]","[2.0, 2.0]",49056.0,42188.0,4.0,292.6,18.0,18.0,16.0,18.0
171,277.02,513,[171.0],[3],65030.0,30391.0,3.0,265.872,17.0,17.0,16.0,17.0
172,278.64,516,[129.0],[4],49056.0,42188.0,4.0,292.6,18.0,18.0,16.0,18.0
173,280.26,519,"[129, 132]","[3.0, 1.0]",50197.0,42188.0,4.0,297.164,18.0,18.0,16.0,18.0
174,281.88,522,[174.0],[3],66171.0,30391.0,3.0,269.295,17.0,17.0,16.0,17.0
175,283.5,525,"[129, 132]","[1.0, 3.0]",50197.0,42188.0,4.0,297.164,18.0,18.0,16.0,18.0
176,285.12,528,[132.0],[4],50197.0,42188.0,4.0,297.164,18.0,18.0,16.0,18.0
177,286.74,531,[177.0],[3],67312.0,30391.0,3.0,272.718,17.0,17.0,16.0,17.0
178,288.36,534,"[132, 135]","[2.0, 2.0]",51338.0,42188.0,4.0,301.728,18.0,18.0,16.0,18.0
179,289.98,537,"[132, 135]","[1.0, 3.0]",51338.0,42188.0,4.0,301.728,18.0,18.0,16.0,18.0
180,291.6,540,[135.0],[4],51338.0,42188.0,4.0,301.728,18.0,18.0,16.0,18.0
181,293.22,543,"[135, 138]","[3.0, 1.0]",52479.0,42188.0,4.0,306.292,18.0,18.0,16.0,18.0
182,294.84,546,"[135, 138]","[2.0, 2.0]",52479.0,42188.0,4.0,306.292,18.0,18.0,16.0,18.0
183,296.46,549,[183.0],[3],69594.0,30391.0,3.0,279.564,17.0,17.0,16.0,17.0
184,298.08,552,[138.0],[4],52479.0,42188.0,4.0,306.292,18.0,18.0,16.0,18.0
185,299.7,555,"[138, 141]","[3.0, 1.0]",53620.0,42188.0,4.0,310.856,18.0,18.0,16.0,18.0
186,301.32,558,[186.0],[3],70735.0,30391.0,3.0,282.987,17.0,17.0,16.0,17.0
187,302.94,561,"[138, 141]","[1.0, 3.0]",53620.0,42188.0,4.0,310.856,18.0,18.0,16.0,18.0
188,304.56,564,[141.0],[4],53620.0,42188.0,4.0,310.856,18.0,18.0,16.0,18.0
189,306.18,567,[189.0],[3],71876.0,30391.0,3.0,286.41,17.0,17.0,16.0,17.0
190,307.8,570,"[141, 144]","[2.0, 2.0]",54761.0,42188.0,4.0,315.42,18.0,18.0,16.0,18.0
191,309.42,573,"[141, 144]","[1.0, 3.0]",54761.0,42188.0,4.0,315.42,18.0,18.0,16.0,18.0
192,311.04,576,[144.0],[4],54761.0,42188.0,4.0,315.42,18.0,18.0,16.0,18.0
193,312.66,579,"[144, 147]","[3.0, 1.0]",55902.0,42188.0,4.0,319.984,18.0,18.0,16.0,18.0
194,314.28,582,"[144, 147]","[2.0, 2.0]",55902.0,42188.0,4.0,319.984,18.0,18.0,16.0,18.0
195,315.9,585,[195.0],[3],74158.0,30391.0,3.0,293.256,17.0,17.0,16.0,17.0
196,317.52,588,[147.0],[4],55902.0,42188.0,4.0,319.984,18.0,18.0,16.0,18.0
197,319.14,591,"[147, 150]","[3.0, 1.0]",57043.0,42188.0,4.0,324.548,18.0,18.0,16.0,18.0
198,320.76,594,[198.0],[3],75299.0,30391.0,3.0,296.679,17.0,17.0,16.0,17.0
199,322.38,597,"[147, 150]","[1.0, 3.0]",57043.0,42188.0,4.0,324.548,18.0,18.0,16.0,18.0
200,324.0,600,[150.0],[4],57043.0,42188.0,4.0,324.548,18.0,18.0,16.0,18.0
201,325.62,603,[201.0],[3],76440.0,30391.0,3.0,300.102,17.0,17.0,16.0,17.0
202,327.24,606,"[150, 153]","[2.0, 2.0]",58184.0,42188.0,4.0,329.112,22.0,22.0,20.0,22.0
203,328.86,609,"[150, 153]","[1.0, 3.0]",58184.0,42188.0,4.0,329.112,22.0,22.0,20.0,22.0
204,330.48,612,[153.0],[4],58184.0,42188.0,4.0,329.112,22.0,22.0,20.0,22.0
205,332.1,615,"[153, 156]","[3.0, 1.0]",59325.0,42188.0,4.0,333.676,22.0,22.0,20.0,22.0
206,333.72,618,"[153, 156]","[2.0, 2.0]",59325.0,42188.0,4.0,333.676,22.0,22.0,20.0,22.0
207,335.34,621,[207.0],[3],78722.0,30391.0,3.0,306.948,20.0,20.0,19.0,20.0
208,336.96,624,[156.0],[4],59325.0,42188.0,4.0,333.676,22.0,22.0,20.0,22.0
209,338.58,627,"[156, 159]","[3.0, 1.0]",60466.0,42188.0,4.0,338.24,22.0,22.0,20.0,22.0
210,340.2,630,[210.0],[3],79863.0,30391.0,3.0,310.371,20.0,20.0,19.0,20.0
211,341.82,633,"[156, 159]","[1.0, 3.0]",60466.0,42188.0,4.0,338.24,22.0,22.0,20.0,22.0
212,343.44,636,[159.0],[4],60466.0,42188.0,4.0,338.24,22.0,22.0,20.0,22.0
213,345.06,639,[213.0],[3],81004.0,30391.0,3.0,313.794,20.0,20.0,19.0,20.0
214,346.68,642,"[159, 162]","[2.0, 2.0]",61607.0,42188.0,4.0,342.804,22.0,22.0,20.0,22.0
215,348.3,645,"[159, 162]","[1.0, 3.0]",61607.0,42188.0,4.0,342.804,22.0,22.0,20.0,22.0
216,349.92,648,[162.0],[4],61607.0,42188.0,4.0,342.804,22.0,22.0,20.0,22.0
217,351.54,651,"[162, 165]","[3.0, 1.0]",62748.0,42188.0,4.0,347.368,22.0,22.0,20.0,22.0
218,353.16,654,"[162, 165]","[2.0, 2.0]",62748.0,42188.0,4.0,347.368,22.0,22.0,20.0,22.0
219,354.78,657,[219.0],[3],83286.0,30391.0,3.0,320.64,20.0,20.0,19.0,20.0
220,356.4,660,[165.0],[4],62748.0,42188.0,4.0,347.368,22.0,22.0,20.0,22.0
221,358.02,663,"[165, 168]","[3.0, 1.0]",63889.0,42188.0,4.0,351.932,22.0,22.0,20.0,22.0
222,359.64,666,[222.0],[3],84427.0,30391.0,3.0,324.063,20.0,20.0,19.0,20.0
223,361.26,669,"[165, 168]","[1.0, 3.0]",63889.0,42188.0,4.0,351.932,22.0,22.0,20.0,22.0
224,362.88,672,[168.0],[4],63889.0,42188.0,4.0,351.932,22.0,22.0,20.0,22.0
225,364.5,675,[225.0],[3],85568.0,30391.0,3.0,327.486,20.0,20.0,19.0,20.0
226,366.12,678,"[168, 171]","[2.0, 2.0]",65030.0,42188.0,4.0,356.496,22.0,22.0,20.0,22.0
227,367.74,681,"[168, 171]","[1.0, 3.0]",65030.0,42188.0,4.0,356.496,22.0,22.0,20.0,22.0
228,369.36,684,[171.0],[4],65030.0,42188.0,4.0,356.496,22.0,22.0,20.0,22.0
229,370.98,687,"[171, 174]","[3.0, 1.0]",66171.0,42188.0,4.0,361.06,22.0,22.0,20.0,22.0
230,372.6,690,"[171, 174]","[2.0, 2.0]",66171.0,42188.0,4.0,361.06,22.0,22.0,20.0,22.0
231,374.22,693,[231.0],[3],87850.0,30391.0,3.0,334.332,20.0,20.0,19.0,20.0
232,375.84,696,[174.0],[4],66171.0,42188.0,4.0,361.06,22.0,22.0,20.0,22.0
233,377.46,699,"[174, 177]","[3.0, 1.0]",67312.0,42188.0,4.0,365.624,22.0,22.0,20.0,22.0
234,379.08,702,[234.0],[3],88991.0,30391.0,3.0,337.755,20.0,20.0,19.0,20.0
235,380.7,705,"[174, 177]","[1.0, 3.0]",67312.0,42188.0,4.0,365.624,22.0,22.0,20.0,22.0
236,382.32,708,[177.0],[4],67312.0,42188.0,4.0,365.624,22.0,22.0,20.0,22.0
237,383.94,711,[237.0],[3],90132.0,30391.0,3.0,341.178,20.0,20.0,19.0,20.0
238,385.56,714,"[141, 144]","[2.0, 3.0]",54761.0,53985.0,5.0,339.014,20.0,20.0,18.0,20.0
239,387.18,717,"[141, 144]","[1.0, 4.0]",54761.0,53985.0,5.0,339.014,20.0,20.0,18.0,20.0
240,388.8,720,[144.0],[5],54761.0,53985.0,5.0,339.014,20.0,20.0,18.0,20.0
241,390.42,723,"[144, 147]","[4.0, 1.0]",55902.0,53985.0,5.0,343.578,20.0,20.0,18.0,20.0
242,392.04,726,"[144, 147]","[3.0, 2.0]",55902.0,53985.0,5.0,343.578,20.0,20.0,18.0,20.0
243,393.66,729,[243.0],[3],92414.0,30391.0,3.0,348.024,20.0,20.0,19.0,20.0
244,395.28,732,[183.0],[4],69594.0,42188.0,4.0,374.752,22.0,22.0,20.0,22.0
245,396.9,735,[147.0],[5],55902.0,53985.0,5.0,343.578,20.0,20.0,18.0,20.0
246,398.52,738,[246.0],[3],93555.0,30391.0,3.0,351.447,20.0,20.0,19.0,20.0
247,400.14,741,"[147, 150]","[3.0, 2.0]",57043.0,53985.0,5.0,348.142,20.0,20.0,18.0,20.0
248,401.76,744,[186.0],[4],70735.0,42188.0,4.0,379.316,22.0,22.0,20.0,22.0
249,403.38,747,[249.0],[3],94696.0,30391.0,3.0,354.87,20.0,20.0,19.0,20.0
250,405.0,750,[150.0],[5],57043.0,53985.0,5.0,348.142,20.0,20.0,18.0,20.0
251,406.62,753,"[150, 153]","[4.0, 1.0]",58184.0,53985.0,5.0,352.706,24.0,24.0,22.0,24.0
252,408.24,756,[189.0],[4],71876.0,42188.0,4.0,383.88,22.0,22.0,20.0,22.0
253,409.86,759,"[150, 153]","[2.0, 3.0]",58184.0,53985.0,5.0,352.706,24.0,24.0,22.0,24.0
254,411.48,762,"[150, 153]","[1.0, 4.0]",58184.0,53985.0,5.0,352.706,24.0,24.0,22.0,24.0
255,413.1,765,[153.0],[5],58184.0,53985.0,5.0,352.706,24.0,24.0,22.0,24.0
256,414.72,768,[192.0],[4],73017.0,42188.0,4.0,388.444,22.0,22.0,20.0,22.0
257,416.34,771,"[153, 156]","[3.0, 2.0]",59325.0,53985.0,5.0,357.27,24.0,24.0,22.0,24.0
258,417.96,774,[258.0],[3],98119.0,30391.0,3.0,365.139,23.0,23.0,22.0,23.0
259,419.58,777,"[153, 156]","[1.0, 4.0]",59325.0,53985.0,5.0,357.27,24.0,24.0,22.0,24.0
260,421.2,780,[156.0],[5],59325.0,53985.0,5.0,357.27,24.0,24.0,22.0,24.0
261,422.82,783,[261.0],[3],99260.0,30391.0,3.0,368.562,23.0,23.0,22.0,23.0
262,424.44,786,"[156, 159]","[3.0, 2.0]",60466.0,53985.0,5.0,361.834,24.0,24.0,22.0,24.0
263,426.06,789,"[156, 159]","[2.0, 3.0]",60466.0,53985.0,5.0,361.834,24.0,24.0,22.0,24.0
264,427.68,792,[198.0],[4],75299.0,42188.0,4.0,397.572,22.0,22.0,20.0,22.0
265,429.3,795,[159.0],[5],60466.0,53985.0,5.0,361.834,24.0,24.0,22.0,24.0
266,430.92,798,"[159, 162]","[4.0, 1.0]",61607.0,53985.0,5.0,366.398,24.0,24.0,22.0,24.0
267,432.54,801,[267.0],[3],101542.0,30391.0,3.0,375.408,23.0,23.0,22.0,23.0
268,434.16,804,[201.0],[4],76440.0,42188.0,4.0,402.136,22.0,22.0,20.0,22.0
269,435.78,807,"[159, 162]","[1.0, 4.0]",61607.0,53985.0,5.0,366.398,24.0,24.0,22.0,24.0
270,437.4,810,[162.0],[5],61607.0,53985.0,5.0,366.398,24.0,24.0,22.0,24.0
271,439.02,813,"[162, 165]","[4.0, 1.0]",62748.0,53985.0,5.0,370.962,24.0,24.0,22.0,24.0
272,440.64,816,[204.0],[4],77581.0,42188.0,4.0,406.7,22.0,22.0,20.0,22.0
273,442.26,819,[273.0],[3],103824.0,30391.0,3.0,382.254,23.0,23.0,22.0,23.0
274,443.88,822,"[162, 165]","[1.0, 4.0]",62748.0,53985.0,5.0,370.962,24.0,24.0,22.0,24.0
275,445.5,825,[165.0],[5],62748.0,53985.0,5.0,370.962,24.0,24.0,22.0,24.0
276,447.12,828,[207.0],[4],78722.0,42188.0,4.0,411.264,26.0,26.0,24.0,26.0
277,448.74,831,"[165, 168]","[3.0, 2.0]",63889.0,53985.0,5.0,375.526,24.0,24.0,22.0,24.0
278,450.36,834,"[165, 168]","[2.0, 3.0]",63889.0,53985.0,5.0,375.526,24.0,24.0,22.0,24.0
279,451.98,837,[279.0],[3],106106.0,30391.0,3.0,389.1,23.0,23.0,22.0,23.0
280,453.6,840,[168.0],[5],63889.0,53985.0,5.0,375.526,24.0,24.0,22.0,24.0
281,455.22,843,"[168, 171]","[4.0, 1.0]",65030.0,53985.0,5.0,380.09,24.0,24.0,22.0,24.0
282,456.84,846,[282.0],[3],107247.0,30391.0,3.0,392.523,23.0,23.0,22.0,23.0
283,458.46,849,"[168, 171]","[2.0, 3.0]",65030.0,53985.0,5.0,380.09,24.0,24.0,22.0,24.0
284,460.08,852,[213.0],[4],81004.0,42188.0,4.0,420.392,26.0,26.0,24.0,26.0
285,461.7,855,[171.0],[5],65030.0,53985.0,5.0,380.09,24.0,24.0,22.0,24.0
286,463.32,858,"[171, 174]","[4.0, 1.0]",66171.0,53985.0,5.0,384.654,24.0,24.0,22.0,24.0
287,464.94,861,"[171, 174]","[3.0, 2.0]",66171.0,53985.0,5.0,384.654,24.0,24.0,22.0,24.0
288,466.56,864,[216.0],[4],82145.0,42188.0,4.0,424.956,26.0,26.0,24.0,26.0
289,468.18,867,"[171, 174]","[1.0, 4.0]",66171.0,53985.0,5.0,384.654,24.0,24.0,22.0,24.0
290,469.8,870,[174.0],[5],66171.0,53985.0,5.0,384.654,24.0,24.0,22.0,24.0
291,471.42,873,[291.0],[3],110670.0,30391.0,3.0,402.792,23.0,23.0,22.0,23.0
292,473.04,876,[219.0],[4],83286.0,42188.0,4.0,429.52,26.0,26.0,24.0,26.0
293,474.66,879,"[174, 177]","[2.0, 3.0]",67312.0,53985.0,5.0,389.218,24.0,24.0,22.0,24.0
294,476.28,882,[294.0],[3],111811.0,30391.0,3.0,406.215,23.0,23.0,22.0,23.0
295,477.9,885,[177.0],[5],67312.0,53985.0,5.0,389.218,24.0,24.0,22.0,24.0
296,479.52,888,[222.0],[4],84427.0,42188.0,4.0,434.084,26.0,26.0,24.0,26.0
297,481.14,891,[297.0],[3],112952.0,30391.0,3.0,409.638,23.0,23.0,22.0,23.0
298,482.76,894,"[177, 180]","[2.0, 3.0]",68453.0,53985.0,5.0,393.782,24.0,24.0,22.0,24.0
299,484.38,897,"[177, 180]","[1.0, 4.0]",68453.0,53985.0,5.0,393.782,24.0,24.0,22.0,24.0
300,486.0,900,[180.0],[5],68453.0,53985.0,5.0,393.782,24.0,24.0,22.0,24.0
301,487.62,903,"[180, 183]","[4.0, 1.0]",69594.0,53985.0,5.0,398.346,24.0,24.0,22.0,24.0
302,489.24,906,"[180, 183]","[3.0, 2.0]",69594.0,53985.0,5.0,398.346,24.0,24.0,22.0,24.0
303,490.86,909,"[180, 183]","[2.0, 3.0]",69594.0,53985.0,5.0,398.346,24.0,24.0,22.0,24.0
304,492.48,912,[228.0],[4],86709.0,42188.0,4.0,443.212,26.0,26.0,24.0,26.0
305,494.1,915,[183.0],[5],69594.0,53985.0,5.0,398.346,24.0,24.0,22.0,24.0
306,495.72,918,"[183, 186]","[4.0, 1.0]",70735.0,53985.0,5.0,402.91,24.0,24.0,22.0,24.0
307,497.34,921,"[183, 186]","[3.0, 2.0]",70735.0,53985.0,5.0,402.91,24.0,24.0,22.0,24.0
308,498.96,924,[231.0],[4],87850.0,42188.0,4.0,447.776,26.0,26.0,24.0,26.0
309,500.58,927,"[183, 186]","[1.0, 4.0]",70735.0,53985.0,5.0,402.91,24.0,24.0,22.0,24.0
310,502.2,930,[186.0],[5],70735.0,53985.0,5.0,402.91,24.0,24.0,22.0,24.0
311,503.82,933,"[186, 189]","[4.0, 1.0]",71876.0,53985.0,5.0,407.474,24.0,24.0,22.0,24.0
312,505.44,936,[234.0],[4],88991.0,42188.0,4.0,452.34,26.0,26.0,24.0,26.0
313,507.06,939,"[186, 189]","[2.0, 3.0]",71876.0,53985.0,5.0,407.474,24.0,24.0,22.0,24.0
314,508.68,942,"[186, 189]","[1.0, 4.0]",71876.0,53985.0,5.0,407.474,24.0,24.0,22.0,24.0
315,510.3,945,[189.0],[5],71876.0,53985.0,5.0,407.474,24.0,24.0,22.0,24.0
316,511.92,948,[237.0],[4],90132.0,42188.0,4.0,456.904,26.0,26.0,24.0,26.0
317,513.54,951,"[189, 192]","[3.0, 2.0]",73017.0,53985.0,5.0,412.038,24.0,24.0,22.0,24.0
318,515.16,954,"[189, 192]","[2.0, 3.0]",73017.0,53985.0,5.0,412.038,24.0,24.0,22.0,24.0
319,516.78,957,"[189, 192]","[1.0, 4.0]",73017.0,53985.0,5.0,412.038,24.0,24.0,22.0,24.0
320,518.4,960,[192.0],[5],73017.0,53985.0,5.0,412.038,24.0,24.0,22.0,24.0
321,520.02,963,"[192, 195]","[4.0, 1.0]",74158.0,53985.0,5.0,416.602,24.0,24.0,22.0,24.0
322,521.64,966,"[192, 195]","[3.0, 2.0]",74158.0,53985.0,5.0,416.602,24.0,24.0,22.0,24.0
323,523.26,969,"[192, 195]","[2.0, 3.0]",74158.0,53985.0,5.0,416.602,24.0,24.0,22.0,24.0
324,524.88,972,[243.0],[4],92414.0,42188.0,4.0,466.032,26.0,26.0,24.0,26.0
325,526.5,975,[195.0],[5],74158.0,53985.0,5.0,416.602,24.0,24.0,22.0,24.0
326,528.12,978,"[195, 198]","[4.0, 1.0]",75299.0,53985.0,5.0,421.166,24.0,24.0,22.0,24.0
327,529.74,981,"[195, 198]","[3.0, 2.0]",75299.0,53985.0,5.0,421.166,24.0,24.0,22.0,24.0
328,531.36,984,[246.0],[4],93555.0,42188.0,4.0,470.596,26.0,26.0,24.0,26.0
329,532.98,987,"[195, 198]","[1.0, 4.0]",75299.0,53985.0,5.0,421.166,24.0,24.0,22.0,24.0
330,534.6,990,[198.0],[5],75299.0,53985.0,5.0,421.166,24.0,24.0,22.0,24.0
331,536.22,993,"[198, 201]","[4.0, 1.0]",76440.0,53985.0,5.0,425.73,24.0,24.0,22.0,24.0
332,537.84,996,[249.0],[4],94696.0,42188.0,4.0,475.16,26.0,26.0,24.0,26.0
333,539.46,999,"[198, 201]","[2.0, 3.0]",76440.0,53985.0,5.0,425.73,24.0,24.0,22.0,24.0
334,541.08,1002,"[198, 201]","[1.0, 4.0]",76440.0,53985.0,5.0,425.73,24.0,24.0,22.0,24.0
335,542.7,1005,[201.0],[5],76440.0,53985.0,5.0,425.73,24.0,24.0,22.0,24.0
336,544.32,1008,[252.0],[4],95837.0,42188.0,4.0,479.724,26.0,26.0,24.0,26.0
337,545.94,1011,"[201, 204]","[3.0, 2.0]",77581.0,53985.0,5.0,430.294,24.0,24.0,22.0,24.0
338,547.56,1014,"[201, 204]","[2.0, 3.0]",77581.0,53985.0,5.0,430.294,24.0,24.0,22.0,24.0
339,549.18,1017,"[201, 204]","[1.0, 4.0]",77581.0,53985.0,5.0,430.294,24.0,24.0,22.0,24.0
340,550.8,1020,[204.0],[5],77581.0,53985.0,5.0,430.294,24.0,24.0,22.0,24.0
341,552.42,1023,"[204, 207]","[4.0, 1.0]",78722.0,53985.0,5.0,434.858,28.0,28.0,26.0,28.0
342,554.04,1026,"[204, 207]","[3.0, 2.0]",78722.0,53985.0,5.0,434.858,28.0,28.0,26.0,28.0
343,555.66,1029,"[171, 174]","[5.0, 1.0]",66171.0,65782.0,6.0,408.248,26.0,26.0,24.0,26.0
344,557.28,1032,[258.0],[4],98119.0,42188.0,4.0,488.852,30.0,30.0,28.0,30.0
345,558.9,1035,[207.0],[5],78722.0,53985.0,5.0,434.858,28.0,28.0,26.0,28.0
346,560.52,1038,"[171, 174]","[2.0, 4.0]",66171.0,65782.0,6.0,408.248,26.0,26.0,24.0,26.0
347,562.14,1041,"[171, 174]","[1.0, 5.0]",66171.0,65782.0,6.0,408.248,26.0,26.0,24.0,26.0
348,563.76,1044,[174.0],[6],66171.0,65782.0,6.0,408.248,26.0,26.0,24.0,26.0
349,565.38,1047,"[174, 177]","[5.0, 1.0]",67312.0,65782.0,6.0,412.812,26.0,26.0,24.0,26.0
350,567.0,1050,[210.0],[5],79863.0,53985.0,5.0,439.422,28.0,28.0,26.0,28.0
351,568.62,1053,"[174, 177]","[3.0, 3.0]",67312.0,65782.0,6.0,412.812,26.0,26.0,24.0,26.0
352,570.24,1056,[264.0],[4],100401.0,42188.0,4.0,497.98,30.0,30.0,28.0,30.0
353,571.86,1059,"[174, 177]","[1.0, 5.0]",67312.0,65782.0,6.0,412.812,26.0,26.0,24.0,26.0
354,573.48,1062,[177.0],[6],67312.0,65782.0,6.0,412.812,26.0,26.0,24.0,26.0
355,575.1,1065,[213.0],[5],81004.0,53985.0,5.0,443.986,28.0,28.0,26.0,28.0
356,576.72,1068,[267.0],[4],101542.0,42188.0,4.0,502.544,30.0,30.0,28.0,30.0
357,578.34,1071,"[177, 180]","[3.0, 3.0]",68453.0,65782.0,6.0,417.376,26.0,26.0,24.0,26.0
358,579.96,1074,"[177, 180]","[2.0, 4.0]",68453.0,65782.0,6.0,417.376,26.0,26.0,24.0,26.0
359,581.58,1077,"[177, 180]","[1.0, 5.0]",68453.0,65782.0,6.0,417.376,26.0,26.0,24.0,26.0
360,583.2,1080,[180.0],[6],68453.0,65782.0,6.0,417.376,26.0,26.0,24.0,26.0
361,584.82,1083,"[180, 183]","[5.0, 1.0]",69594.0,65782.0,6.0,421.94,26.0,26.0,24.0,26.0
362,586.44,1086,"[180, 183]","[4.0, 2.0]",69594.0,65782.0,6.0,421.94,26.0,26.0,24.0,26.0
363,588.06,1089,"[180, 183]","[3.0, 3.0]",69594.0,65782.0,6.0,421.94,26.0,26.0,24.0,26.0
364,589.68,1092,[273.0],[4],103824.0,42188.0,4.0,511.672,30.0,30.0,28.0,30.0
365,591.3,1095,[219.0],[5],83286.0,53985.0,5.0,453.114,28.0,28.0,26.0,28.0
366,592.92,1098,[183.0],[6],69594.0,65782.0,6.0,421.94,26.0,26.0,24.0,26.0
367,594.54,1101,"[183, 186]","[5.0, 1.0]",70735.0,65782.0,6.0,426.504,26.0,26.0,24.0,26.0
368,596.16,1104,[276.0],[4],104965.0,42188.0,4.0,516.236,30.0,30.0,28.0,30.0
369,597.78,1107,"[183, 186]","[3.0, 3.0]",70735.0,65782.0,6.0,426.504,26.0,26.0,24.0,26.0
370,599.4,1110,[222.0],[5],84427.0,53985.0,5.0,457.678,28.0,28.0,26.0,28.0
371,601.02,1113,"[183, 186]","[1.0, 5.0]",70735.0,65782.0,6.0,426.504,26.0,26.0,24.0,26.0
372,602.64,1116,[186.0],[6],70735.0,65782.0,6.0,426.504,26.0,26.0,24.0,26.0
373,604.26,1119,"[186, 189]","[5.0, 1.0]",71876.0,65782.0,6.0,431.068,26.0,26.0,24.0,26.0
374,605.88,1122,"[186, 189]","[4.0, 2.0]",71876.0,65782.0,6.0,431.068,26.0,26.0,24.0,26.0
375,607.5,1125,[225.0],[5],85568.0,53985.0,5.0,462.242,28.0,28.0,26.0,28.0
376,609.12,1128,[282.0],[4],107247.0,42188.0,4.0,525.364,30.0,30.0,28.0,30.0
377,610.74,1131,"[186, 189]","[1.0, 5.0]",71876.0,65782.0,6.0,431.068,26.0,26.0,24.0,26.0
378,612.36,1134,[189.0],[6],71876.0,65782.0,6.0,431.068,26.0,26.0,24.0,26.0
379,613.98,1137,"[189, 192]","[5.0, 1.0]",73017.0,65782.0,6.0,435.632,26.0,26.0,24.0,26.0
380,615.6,1140,[228.0],[5],86709.0,53985.0,5.0,466.806,28.0,28.0,26.0,28.0
381,617.22,1143,"[189, 192]","[3.0, 3.0]",73017.0,65782.0,6.0,435.632,26.0,26.0,24.0,26.0
382,618.84,1146,"[189, 192]","[2.0, 4.0]",73017.0,65782.0,6.0,435.632,26.0,26.0,24.0,26.0
383,620.46,1149,"[189, 192]","[1.0, 5.0]",73017.0,65782.0,6.0,435.632,26.0,26.0,24.0,26.0
384,622.08,1152,[192.0],[6],73017.0,65782.0,6.0,435.632,26.0,26.0,24.0,26.0
385,623.7,1155,[231.0],[5],87850.0,53985.0,5.0,471.37,28.0,28.0,26.0,28.0
386,625.32,1158,"[192, 195]","[4.0, 2.0]",74158.0,65782.0,6.0,440.196,26.0,26.0,24.0,26.0
387,626.94,1161,"[192, 195]","[3.0, 3.0]",74158.0,65782.0,6.0,440.196,26.0,26.0,24.0,26.0
388,628.56,1164,[291.0],[4],110670.0,42188.0,4.0,539.056,30.0,30.0,28.0,30.0
389,630.18,1167,"[192, 195]","[1.0, 5.0]",74158.0,65782.0,6.0,440.196,26.0,26.0,24.0,26.0
390,631.8,1170,[195.0],[6],74158.0,65782.0,6.0,440.196,26.0,26.0,24.0,26.0
391,633.42,1173,"[195, 198]","[5.0, 1.0]",75299.0,65782.0,6.0,444.76,26.0,26.0,24.0,26.0
392,635.04,1176,[294.0],[4],111811.0,42188.0,4.0,543.62,30.0,30.0,28.0,30.0
393,636.66,1179,"[195, 198]","[3.0, 3.0]",75299.0,65782.0,6.0,444.76,26.0,26.0,24.0,26.0
394,638.28,1182,"[195, 198]","[2.0, 4.0]",75299.0,65782.0,6.0,444.76,26.0,26.0,24.0,26.0
395,639.9,1185,[237.0],[5],90132.0,53985.0,5.0,480.498,28.0,28.0,26.0,28.0
396,641.52,1188,[198.0],[6],75299.0,65782.0,6.0,444.76,26.0,26.0,24.0,26.0
397,643.14,1191,"[198, 201]","[5.0, 1.0]",76440.0,65782.0,6.0,449.324,26.0,26.0,24.0,26.0
398,644.76,1194,"[198, 201]","[4.0, 2.0]",76440.0,65782.0,6.0,449.324,26.0,26.0,24.0,26.0
399,646.38,1197,"[198, 201]","[3.0, 3.0]",76440.0,65782.0,6.0,449.324,26.0,26.0,24.0,26.0
400,648.0,1200,[240.0],[5],91273.0,53985.0,5.0,485.062,28.0,28.0,26.0,28.0
401,649.62,1203,"[198, 201]","[1.0, 5.0]",76440.0,65782.0,6.0,449.324,26.0,26.0,24.0,26.0
402,651.24,1206,[201.0],[6],76440.0,65782.0,6.0,449.324,26.0,26.0,24.0,26.0
403,652.86,1209,"[201, 204]","[5.0, 1.0]",77581.0,65782.0,6.0,453.888,26.0,26.0,24.0,26.0
404,654.48,1212,[303.0],[4],115234.0,42188.0,4.0,557.312,30.0,30.0,28.0,30.0
405,656.1,1215,[243.0],[5],92414.0,53985.0,5.0,489.626,28.0,28.0,26.0,28.0
406,657.72,1218,"[201, 204]","[2.0, 4.0]",77581.0,65782.0,6.0,453.888,26.0,26.0,24.0,26.0
407,659.34,1221,"[201, 204]","[1.0, 5.0]",77581.0,65782.0,6.0,453.888,26.0,26.0,24.0,26.0
408,660.96,1224,[204.0],[6],77581.0,65782.0,6.0,453.888,26.0,26.0,24.0,26.0
409,662.58,1227,"[204, 207]","[5.0, 1.0]",78722.0,65782.0,6.0,458.452,30.0,30.0,28.0,30.0
410,664.2,1230,[246.0],[5],93555.0,53985.0,5.0,494.19,28.0,28.0,26.0,28.0
411,665.82,1233,"[204, 207]","[3.0, 3.0]",78722.0,65782.0,6.0,458.452,30.0,30.0,28.0,30.0
412,667.44,1236,[309.0],[4],117516.0,42188.0,4.0,566.44,30.0,30.0,28.0,30.0
413,669.06,1239,"[204, 207]","[1.0, 5.0]",78722.0,65782.0,6.0,458.452,30.0,30.0,28.0,30.0
414,670.68,1242,[207.0],[6],78722.0,65782.0,6.0,458.452,30.0,30.0,28.0,30.0
415,672.3,1245,[249.0],[5],94696.0,53985.0,5.0,498.754,28.0,28.0,26.0,28.0
416,673.92,1248,[312.0],[4],118657.0,42188.0,4.0,571.004,34.0,34.0,32.0,34.0
417,675.54,1251,"[207, 210]","[3.0, 3.0]",79863.0,65782.0,6.0,463.016,30.0,30.0,28.0,30.0
418,677.16,1254,"[207, 210]","[2.0, 4.0]",79863.0,65782.0,6.0,463.016,30.0,30.0,28.0,30.0
419,678.78,1257,"[207, 210]","[1.0, 5.0]",79863.0,65782.0,6.0,463.016,30.0,30.0,28.0,30.0
420,680.4,1260,[210.0],[6],79863.0,65782.0,6.0,463.016,30.0,30.0,28.0,30.0
421,682.02,1263,"[210, 213]","[5.0, 1.0]",81004.0,65782.0,6.0,467.58,30.0,30.0,28.0,30.0
422,683.64,1266,"[210, 213]","[4.0, 2.0]",81004.0,65782.0,6.0,467.58,30.0,30.0,28.0,30.0
423,685.26,1269,"[210, 213]","[3.0, 3.0]",81004.0,65782.0,6.0,467.58,30.0,30.0,28.0,30.0
424,686.88,1272,[318.0],[4],120939.0,42188.0,4.0,580.132,34.0,34.0,32.0,34.0
425,688.5,1275,[255.0],[5],96978.0,53985.0,5.0,507.882,28.0,28.0,26.0,28.0
426,690.12,1278,[213.0],[6],81004.0,65782.0,6.0,467.58,30.0,30.0,28.0,30.0
427,691.74,1281,"[213, 216]","[5.0, 1.0]",82145.0,65782.0,6.0,472.144,30.0,30.0,28.0,30.0
428,693.36,1284,[321.0],[4],122080.0,42188.0,4.0,584.696,34.0,34.0,32.0,34.0
429,694.98,1287,"[213, 216]","[3.0, 3.0]",82145.0,65782.0,6.0,472.144,30.0,30.0,28.0,30.0
430,696.6,1290,[258.0],[5],98119.0,53985.0,5.0,512.446,32.0,32.0,30.0,32.0
431,698.22,1293,"[213, 216]","[1.0, 5.0]",82145.0,65782.0,6.0,472.144,30.0,30.0,28.0,30.0
432,699.84,1296,[216.0],[6],82145.0,65782.0,6.0,472.144,30.0,30.0,28.0,30.0
433,701.46,1299,"[216, 219]","[5.0, 1.0]",83286.0,65782.0,6.0,476.708,30.0,30.0,28.0,30.0
434,703.08,1302,"[216, 219]","[4.0, 2.0]",83286.0,65782.0,6.0,476.708,30.0,30.0,28.0,30.0
435,704.7,1305,[261.0],[5],99260.0,53985.0,5.0,517.01,32.0,32.0,30.0,32.0
436,706.32,1308,[327.0],[4],124362.0,42188.0,4.0,593.824,34.0,34.0,32.0,34.0
437,707.94,1311,"[216, 219]","[1.0, 5.0]",83286.0,65782.0,6.0,476.708,30.0,30.0,28.0,30.0
438,709.56,1314,[219.0],[6],83286.0,65782.0,6.0,476.708,30.0,30.0,28.0,30.0
439,711.18,1317,"[219, 222]","[5.0, 1.0]",84427.0,65782.0,6.0,481.272,30.0,30.0,28.0,30.0
440,712.8,1320,[264.0],[5],100401.0,53985.0,5.0,521.574,32.0,32.0,30.0,32.0
441,714.42,1323,"[219, 222]","[3.0, 3.0]",84427.0,65782.0,6.0,481.272,30.0,30.0,28.0,30.0
442,716.04,1326,"[219, 222]","[2.0, 4.0]",84427.0,65782.0,6.0,481.272,30.0,30.0,28.0,30.0
443,717.66,1329,"[219, 222]","[1.0, 5.0]",84427.0,65782.0,6.0,481.272,30.0,30.0,28.0,30.0
444,719.28,1332,[222.0],[6],84427.0,65782.0,6.0,481.272,30.0,30.0,28.0,30.0
445,720.9,1335,[267.0],[5],101542.0,53985.0,5.0,526.138,32.0,32.0,30.0,32.0
446,722.52,1338,"[222, 225]","[4.0, 2.0]",85568.0,65782.0,6.0,485.836,30.0,30.0,28.0,30.0
447,724.14,1341,"[222, 225]","[3.0, 3.0]",85568.0,65782.0,6.0,485.836,30.0,30.0,28.0,30.0
448,725.76,1344,[336.0],[4],127785.0,42188.0,4.0,607.516,34.0,34.0,32.0,34.0
449,727.38,1347,"[222, 225]","[1.0, 5.0]",85568.0,65782.0,6.0,485.836,30.0,30.0,28.0,30.0
450,729.0,1350,[225.0],[6],85568.0,65782.0,6.0,485.836,30.0,30.0,28.0,30.0
451,730.62,1353,"[225, 228]","[5.0, 1.0]",86709.0,65782.0,6.0,490.4,30.0,30.0,28.0,30.0
452,732.24,1356,[339.0],[4],128926.0,42188.0,4.0,612.08,34.0,34.0,32.0,34.0
453,733.86,1359,"[225, 228]","[3.0, 3.0]",86709.0,65782.0,6.0,490.4,30.0,30.0,28.0,30.0
454,735.48,1362,"[225, 228]","[2.0, 4.0]",86709.0,65782.0,6.0,490.4,30.0,30.0,28.0,30.0
455,737.1,1365,[273.0],[5],103824.0,53985.0,5.0,535.266,32.0,32.0,30.0,32.0
456,738.72,1368,[228.0],[6],86709.0,65782.0,6.0,490.4,30.0,30.0,28.0,30.0
457,740.34,1371,"[228, 231]","[5.0, 1.0]",87850.0,65782.0,6.0,494.964,30.0,30.0,28.0,30.0
458,741.96,1374,"[228, 231]","[4.0, 2.0]",87850.0,65782.0,6.0,494.964,30.0,30.0,28.0,30.0
459,743.58,1377,"[228, 231]","[3.0, 3.0]",87850.0,65782.0,6.0,494.964,30.0,30.0,28.0,30.0
460,745.2,1380,[276.0],[5],104965.0,53985.0,5.0,539.83,32.0,32.0,30.0,32.0
461,746.82,1383,"[228, 231]","[1.0, 5.0]",87850.0,65782.0,6.0,494.964,30.0,30.0,28.0,30.0
462,748.44,1386,[231.0],[6],87850.0,65782.0,6.0,494.964,30.0,30.0,28.0,30.0
463,750.06,1389,"[231, 234]","[5.0, 1.0]",88991.0,65782.0,6.0,499.528,30.0,30.0,28.0,30.0
464,751.68,1392,[348.0],[4],132349.0,42188.0,4.0,625.772,34.0,34.0,32.0,34.0
465,753.3,1395,[279.0],[5],106106.0,53985.0,5.0,544.394,32.0,32.0,30.0,32.0
466,754.92,1398,"[231, 234]","[2.0, 4.0]",88991.0,65782.0,6.0,499.528,30.0,30.0,28.0,30.0
467,756.54,1401,"[231, 234]","[1.0, 5.0]",88991.0,65782.0,6.0,499.528,30.0,30.0,28.0,30.0
468,758.16,1404,[234.0],[6],88991.0,65782.0,6.0,499.528,30.0,30.0,28.0,30.0
469,759.78,1407,"[234, 237]","[5.0, 1.0]",90132.0,65782.0,6.0,504.092,30.0,30.0,28.0,30.0
470,761.4,1410,[282.0],[5],107247.0,53985.0,5.0,548.958,32.0,32.0,30.0,32.0
471,763.02,1413,"[201, 204]","[5.0, 2.0]",77581.0,77579.0,7.0,557.063,31.0,31.0,28.0,31.0
472,764.64,1416,[354.0],[4],134631.0,42188.0,4.0,634.9,34.0,34.0,32.0,34.0
473,766.26,1419,"[201, 204]","[3.0, 4.0]",77581.0,77579.0,7.0,557.063,31.0,31.0,28.0,31.0
474,767.88,1422,[237.0],[6],90132.0,65782.0,6.0,504.092,30.0,30.0,28.0,30.0
475,769.5,1425,[285.0],[5],108388.0,53985.0,5.0,553.522,32.0,32.0,30.0,32.0
476,771.12,1428,[204.0],[7],77581.0,77579.0,7.0,557.063,31.0,31.0,28.0,31.0
477,772.74,1431,"[204, 207]","[6.0, 1.0]",78722.0,77579.0,7.0,562.768,36.0,36.0,33.0,36.0
478,774.36,1434,"[204, 207]","[5.0, 2.0]",78722.0,77579.0,7.0,562.768,36.0,36.0,33.0,36.0
479,775.98,1437,"[204, 207]","[4.0, 3.0]",78722.0,77579.0,7.0,562.768,36.0,36.0,33.0,36.0
480,777.6,1440,[240.0],[6],91273.0,65782.0,6.0,508.656,30.0,30.0,28.0,30.0
481,779.22,1443,"[204, 207]","[2.0, 5.0]",78722.0,77579.0,7.0,562.768,36.0,36.0,33.0,36.0
482,780.84,1446,"[204, 207]","[1.0, 6.0]",78722.0,77579.0,7.0,562.768,36.0,36.0,33.0,36.0
483,782.46,1449,[207.0],[7],78722.0,77579.0,7.0,562.768,36.0,36.0,33.0,36.0
484,784.08,1452,[363.0],[4],138054.0,42188.0,4.0,648.592,38.0,38.0,36.0,38.0
485,785.7,1455,[291.0],[5],110670.0,53985.0,5.0,562.65,32.0,32.0,30.0,32.0
486,787.32,1458,[243.0],[6],92414.0,65782.0,6.0,513.22,30.0,30.0,28.0,30.0
487,788.94,1461,"[207, 210]","[3.0, 4.0]",79863.0,77579.0,7.0,568.473,36.0,36.0,33.0,36.0
488,790.56,1464,[366.0],[4],139195.0,42188.0,4.0,653.156,38.0,38.0,36.0,38.0
489,792.18,1467,"[207, 210]","[1.0, 6.0]",79863.0,77579.0,7.0,568.473,36.0,36.0,33.0,36.0
490,793.8,1470,[210.0],[7],79863.0,77579.0,7.0,568.473,36.0,36.0,33.0,36.0
491,795.42,1473,"[210, 213]","[6.0, 1.0]",81004.0,77579.0,7.0,574.178,36.0,36.0,33.0,36.0
492,797.04,1476,[246.0],[6],93555.0,65782.0,6.0,517.784,30.0,30.0,28.0,30.0
493,798.66,1479,"[210, 213]","[4.0, 3.0]",81004.0,77579.0,7.0,574.178,36.0,36.0,33.0,36.0
494,800.28,1482,"[210, 213]","[3.0, 4.0]",81004.0,77579.0,7.0,574.178,36.0,36.0,33.0,36.0
495,801.9,1485,[297.0],[5],112952.0,53985.0,5.0,571.778,32.0,32.0,30.0,32.0
496,803.52,1488,[372.0],[4],141477.0,42188.0,4.0,662.284,38.0,38.0,36.0,38.0
497,805.14,1491,[213.0],[7],81004.0,77579.0,7.0,574.178,36.0,36.0,33.0,36.0
498,806.76,1494,[249.0],[6],94696.0,65782.0,6.0,522.348,30.0,30.0,28.0,30.0
499,808.38,1497,"[213, 216]","[5.0, 2.0]",82145.0,77579.0,7.0,579.883,36.0,36.0,33.0,36.0
500,810.0,1500,[300.0],[5],114093.0,53985.0,5.0,576.342,32.0,32.0,30.0,32.0
501,811.62,1503,"[213, 216]","[3.0, 4.0]",82145.0,77579.0,7.0,579.883,36.0,36.0,33.0,36.0
502,813.24,1506,"[213, 216]","[2.0, 5.0]",82145.0,77579.0,7.0,579.883,36.0,36.0,33.0,36.0
503,814.86,1509,"[213, 216]","[1.0, 6.0]",82145.0,77579.0,7.0,579.883,36.0,36.0,33.0,36.0
504,816.48,1512,[216.0],[7],82145.0,77579.0,7.0,579.883,36.0,36.0,33.0,36.0
505,818.1,1515,[303.0],[5],115234.0,53985.0,5.0,580.906,32.0,32.0,30.0,32.0
506,819.72,1518,"[216, 219]","[5.0, 2.0]",83286.0,77579.0,7.0,585.588,36.0,36.0,33.0,36.0
507,821.34,1521,"[216, 219]","[4.0, 3.0]",83286.0,77579.0,7.0,585.588,36.0,36.0,33.0,36.0
508,822.96,1524,"[216, 219]","[3.0, 4.0]",83286.0,77579.0,7.0,585.588,36.0,36.0,33.0,36.0
509,824.58,1527,"[216, 219]","[2.0, 5.0]",83286.0,77579.0,7.0,585.588,36.0,36.0,33.0,36.0
510,826.2,1530,[255.0],[6],96978.0,65782.0,6.0,531.476,30.0,30.0,28.0,30.0
511,827.82,1533,[219.0],[7],83286.0,77579.0,7.0,585.588,36.0,36.0,33.0,36.0
512,829.44,1536,"[219, 222]","[6.0, 1.0]",84427.0,77579.0,7.0,591.293,36.0,36.0,33.0,36.0
513,831.06,1539,"[219, 222]","[5.0, 2.0]",84427.0,77579.0,7.0,591.293,36.0,36.0,33.0,36.0
514,832.68,1542,"[219, 222]","[4.0, 3.0]",84427.0,77579.0,7.0,591.293,36.0,36.0,33.0,36.0
515,834.3,1545,[309.0],[5],117516.0,53985.0,5.0,590.034,32.0,32.0,30.0,32.0
516,835.92,1548,[258.0],[6],98119.0,65782.0,6.0,536.04,34.0,34.0,32.0,34.0
517,837.54,1551,"[219, 222]","[1.0, 6.0]",84427.0,77579.0,7.0,591.293,36.0,36.0,33.0,36.0
518,839.16,1554,[222.0],[7],84427.0,77579.0,7.0,591.293,36.0,36.0,33.0,36.0
519,840.78,1557,"[222, 225]","[6.0, 1.0]",85568.0,77579.0,7.0,596.998,36.0,36.0,33.0,36.0
520,842.4,1560,[312.0],[5],118657.0,53985.0,5.0,594.598,36.0,36.0,34.0,36.0
521,844.02,1563,"[222, 225]","[4.0, 3.0]",85568.0,77579.0,7.0,596.998,36.0,36.0,33.0,36.0
522,845.64,1566,[261.0],[6],99260.0,65782.0,6.0,540.604,34.0,34.0,32.0,34.0
523,847.26,1569,"[222, 225]","[2.0, 5.0]",85568.0,77579.0,7.0,596.998,36.0,36.0,33.0,36.0
524,848.88,1572,"[222, 225]","[1.0, 6.0]",85568.0,77579.0,7.0,596.998,36.0,36.0,33.0,36.0
525,850.5,1575,[225.0],[7],85568.0,77579.0,7.0,596.998,36.0,36.0,33.0,36.0
526,852.12,1578,"[225, 228]","[6.0, 1.0]",86709.0,77579.0,7.0,602.703,36.0,36.0,33.0,36.0
527,853.74,1581,"[225, 228]","[5.0, 2.0]",86709.0,77579.0,7.0,602.703,36.0,36.0,33.0,36.0
528,855.36,1584,[264.0],[6],100401.0,65782.0,6.0,545.168,34.0,34.0,32.0,34.0
529,856.98,1587,"[225, 228]","[3.0, 4.0]",86709.0,77579.0,7.0,602.703,36.0,36.0,33.0,36.0
530,858.6,1590,[318.0],[5],120939.0,53985.0,5.0,603.726,36.0,36.0,34.0,36.0
531,860.22,1593,"[225, 228]","[1.0, 6.0]",86709.0,77579.0,7.0,602.703,36.0,36.0,33.0,36.0
532,861.84,1596,[228.0],[7],86709.0,77579.0,7.0,602.703,36.0,36.0,33.0,36.0
533,863.46,1599,"[228, 231]","[6.0, 1.0]",87850.0,77579.0,7.0,608.408,36.0,36.0,33.0,36.0
534,865.08,1602,[267.0],[6],101542.0,65782.0,6.0,549.732,34.0,34.0,32.0,34.0
535,866.7,1605,[321.0],[5],122080.0,53985.0,5.0,608.29,36.0,36.0,34.0,36.0
536,868.32,1608,"[228, 231]","[3.0, 4.0]",87850.0,77579.0,7.0,608.408,36.0,36.0,33.0,36.0
537,869.94,1611,"[228, 231]","[2.0, 5.0]",87850.0,77579.0,7.0,608.408,36.0,36.0,33.0,36.0
538,871.56,1614,"[228, 231]","[1.0, 6.0]",87850.0,77579.0,7.0,608.408,36.0,36.0,33.0,36.0
539,873.18,1617,[231.0],[7],87850.0,77579.0,7.0,608.408,36.0,36.0,33.0,36.0
540,874.8,1620,[270.0],[6],102683.0,65782.0,6.0,554.296,34.0,34.0,32.0,34.0
541,876.42,1623,"[231, 234]","[5.0, 2.0]",88991.0,77579.0,7.0,614.113,36.0,36.0,33.0,36.0
542,878.04,1626,"[231, 234]","[4.0, 3.0]",88991.0,77579.0,7.0,614.113,36.0,36.0,33.0,36.0
543,879.66,1629,"[231, 234]","[3.0, 4.0]",88991.0,77579.0,7.0,614.113,36.0,36.0,33.0,36.0
544,881.28,1632,"[231, 234]","[2.0, 5.0]",88991.0,77579.0,7.0,614.113,36.0,36.0,33.0,36.0
545,882.9,1635,[327.0],[5],124362.0,53985.0,5.0,617.418,36.0,36.0,34.0,36.0
546,884.52,1638,[234.0],[7],88991.0,77579.0,7.0,614.113,36.0,36.0,33.0,36.0
547,886.14,1641,"[234, 237]","[6.0, 1.0]",90132.0,77579.0,7.0,619.818,36.0,36.0,33.0,36.0
548,887.76,1644,"[234, 237]","[5.0, 2.0]",90132.0,77579.0,7.0,619.818,36.0,36.0,33.0,36.0
549,889.38,1647,"[234, 237]","[4.0, 3.0]",90132.0,77579.0,7.0,619.818,36.0,36.0,33.0,36.0
550,891.0,1650,[330.0],[5],125503.0,53985.0,5.0,621.982,36.0,36.0,34.0,36.0
551,892.62,1653,"[234, 237]","[2.0, 5.0]",90132.0,77579.0,7.0,619.818,36.0,36.0,33.0,36.0
552,894.24,1656,[276.0],[6],104965.0,65782.0,6.0,563.424,34.0,34.0,32.0,34.0
553,895.86,1659,[237.0],[7],90132.0,77579.0,7.0,619.818,36.0,36.0,33.0,36.0
554,897.48,1662,"[237, 240]","[6.0, 1.0]",91273.0,77579.0,7.0,625.523,36.0,36.0,33.0,36.0
555,899.1,1665,[333.0],[5],126644.0,53985.0,5.0,626.546,36.0,36.0,34.0,36.0
556,900.72,1668,"[237, 240]","[4.0, 3.0]",91273.0,77579.0,7.0,625.523,36.0,36.0,33.0,36.0
557,902.34,1671,"[237, 240]","[3.0, 4.0]",91273.0,77579.0,7.0,625.523,36.0,36.0,33.0,36.0
558,903.96,1674,[279.0],[6],106106.0,65782.0,6.0,567.988,34.0,34.0,32.0,34.0
559,905.58,1677,"[237, 240]","[1.0, 6.0]",91273.0,77579.0,7.0,625.523,36.0,36.0,33.0,36.0
560,907.2,1680,[240.0],[7],91273.0,77579.0,7.0,625.523,36.0,36.0,33.0,36.0
561,908.82,1683,"[240, 243]","[6.0, 1.0]",92414.0,77579.0,7.0,631.228,36.0,36.0,33.0,36.0
562,910.44,1686,"[240, 243]","[5.0, 2.0]",92414.0,77579.0,7.0,631.228,36.0,36.0,33.0,36.0
563,912.06,1689,"[240, 243]","[4.0, 3.0]",92414.0,77579.0,7.0,631.228,36.0,36.0,33.0,36.0
564,913.68,1692,[282.0],[6],107247.0,65782.0,6.0,572.552,34.0,34.0,32.0,34.0
565,915.3,1695,[339.0],[5],128926.0,53985.0,5.0,635.674,36.0,36.0,34.0,36.0
566,916.92,1698,"[240, 243]","[1.0, 6.0]",92414.0,77579.0,7.0,631.228,36.0,36.0,33.0,36.0
567,918.54,1701,[243.0],[7],92414.0,77579.0,7.0,631.228,36.0,36.0,33.0,36.0
568,920.16,1704,"[243, 246]","[6.0, 1.0]",93555.0,77579.0,7.0,636.933,36.0,36.0,33.0,36.0
569,921.78,1707,"[243, 246]","[5.0, 2.0]",93555.0,77579.0,7.0,636.933,36.0,36.0,33.0,36.0
570,923.4,1710,[285.0],[6],108388.0,65782.0,6.0,577.116,34.0,34.0,32.0,34.0
571,925.02,1713,"[243, 246]","[3.0, 4.0]",93555.0,77579.0,7.0,636.933,36.0,36.0,33.0,36.0
572,926.64,1716,"[243, 246]","[2.0, 5.0]",93555.0,77579.0,7.0,636.933,36.0,36.0,33.0,36.0
573,928.26,1719,"[243, 246]","[1.0, 6.0]",93555.0,77579.0,7.0,636.933,36.0,36.0,33.0,36.0
574,929.88,1722,[246.0],[7],93555.0,77579.0,7.0,636.933,36.0,36.0,33.0,36.0
575,931.5,1725,[345.0],[5],131208.0,53985.0,5.0,644.802,36.0,36.0,34.0,36.0
576,933.12,1728,[288.0],[6],109529.0,65782.0,6.0,581.68,34.0,34.0,32.0,34.0
577,934.74,1731,"[246, 249]","[4.0, 3.0]",94696.0,77579.0,7.0,642.638,36.0,36.0,33.0,36.0
578,936.36,1734,"[246, 249]","[3.0, 4.0]",94696.0,77579.0,7.0,642.638,36.0,36.0,33.0,36.0
579,937.98,1737,"[246, 249]","[2.0, 5.0]",94696.0,77579.0,7.0,642.638,36.0,36.0,33.0,36.0
580,939.6,1740,[348.0],[5],132349.0,53985.0,5.0,649.366,36.0,36.0,34.0,36.0
581,941.22,1743,[249.0],[7],94696.0,77579.0,7.0,642.638,36.0,36.0,33.0,36.0
582,942.84,1746,[291.0],[6],110670.0,65782.0,6.0,586.244,34.0,34.0,32.0,34.0
583,944.46,1749,"[249, 252]","[5.0, 2.0]",95837.0,77579.0,7.0,648.343,36.0,36.0,33.0,36.0
584,946.08,1752,"[249, 252]","[4.0, 3.0]",95837.0,77579.0,7.0,648.343,36.0,36.0,33.0,36.0
585,947.7,1755,[351.0],[5],133490.0,53985.0,5.0,653.93,36.0,36.0,34.0,36.0
586,949.32,1758,"[249, 252]","[2.0, 5.0]",95837.0,77579.0,7.0,648.343,36.0,36.0,33.0,36.0
587,950.94,1761,"[249, 252]","[1.0, 6.0]",95837.0,77579.0,7.0,648.343,36.0,36.0,33.0,36.0
588,952.56,1764,[252.0],[7],95837.0,77579.0,7.0,648.343,36.0,36.0,33.0,36.0
589,954.18,1767,"[252, 255]","[6.0, 1.0]",96978.0,77579.0,7.0,654.048,36.0,36.0,33.0,36.0
590,955.8,1770,[354.0],[5],134631.0,53985.0,5.0,658.494,36.0,36.0,34.0,36.0
591,957.42,1773,"[252, 255]","[4.0, 3.0]",96978.0,77579.0,7.0,654.048,36.0,36.0,33.0,36.0
592,959.04,1776,"[252, 255]","[3.0, 4.0]",96978.0,77579.0,7.0,654.048,36.0,36.0,33.0,36.0
593,960.66,1779,"[252, 255]","[2.0, 5.0]",96978.0,77579.0,7.0,654.048,36.0,36.0,33.0,36.0
594,962.28,1782,[297.0],[6],112952.0,65782.0,6.0,595.372,34.0,34.0,32.0,34.0
595,963.9,1785,[255.0],[7],96978.0,77579.0,7.0,654.048,36.0,36.0,33.0,36.0
596,965.52,1788,"[255, 258]","[6.0, 1.0]",98119.0,77579.0,7.0,659.753,41.0,41.0,38.0,41.0
597,967.14,1791,"[255, 258]","[5.0, 2.0]",98119.0,77579.0,7.0,659.753,41.0,41.0,38.0,41.0
598,968.76,1794,"[255, 258]","[4.0, 3.0]",98119.0,77579.0,7.0,659.753,41.0,41.0,38.0,41.0
599,970.38,1797,"[255, 258]","[3.0, 4.0]",98119.0,77579.0,7.0,659.753,41.0,41.0,38.0,41.0
600,972.0,1800,[300.0],[6],114093.0,65782.0,6.0,599.936,34.0,34.0,32.0,34.0
601,973.62,1803,"[255, 258]","[1.0, 6.0]",98119.0,77579.0,7.0,659.753,41.0,41.0,38.0,41.0
602,975.24,1806,[258.0],[7],98119.0,77579.0,7.0,659.753,41.0,41.0,38.0,41.0
603,976.86,1809,"[258, 261]","[6.0, 1.0]",99260.0,77579.0,7.0,665.458,41.0,41.0,38.0,41.0
604,978.48,1812,"[258, 261]","[5.0, 2.0]",99260.0,77579.0,7.0,665.458,41.0,41.0,38.0,41.0
605,980.1,1815,"[258, 261]","[4.0, 3.0]",99260.0,77579.0,7.0,665.458,41.0,41.0,38.0,41.0
606,981.72,1818,[303.0],[6],115234.0,65782.0,6.0,604.5,34.0,34.0,32.0,34.0
607,983.34,1821,"[258, 261]","[2.0, 5.0]",99260.0,77579.0,7.0,665.458,41.0,41.0,38.0,41.0
608,984.96,1824,"[258, 261]","[1.0, 6.0]",99260.0,77579.0,7.0,665.458,41.0,41.0,38.0,41.0
609,986.58,1827,[261.0],[7],99260.0,77579.0,7.0,665.458,41.0,41.0,38.0,41.0
610,988.2,1830,"[261, 264]","[6.0, 1.0]",100401.0,77579.0,7.0,671.163,41.0,41.0,38.0,41.0
611,989.82,1833,"[261, 264]","[5.0, 2.0]",100401.0,77579.0,7.0,671.163,41.0,41.0,38.0,41.0
612,991.44,1836,[306.0],[6],116375.0,65782.0,6.0,609.064,34.0,34.0,32.0,34.0
613,993.06,1839,"[261, 264]","[3.0, 4.0]",100401.0,77579.0,7.0,671.163,41.0,41.0,38.0,41.0
614,994.68,1842,"[261, 264]","[2.0, 5.0]",100401.0,77579.0,7.0,671.163,41.0,41.0,38.0,41.0
615,996.3,1845,"[261, 264]","[1.0, 6.0]",100401.0,77579.0,7.0,671.163,41.0,41.0,38.0,41.0
616,997.92,1848,[264.0],[7],100401.0,77579.0,7.0,671.163,41.0,41.0,38.0,41.0
617,999.54,1851,"[264, 267]","[6.0, 1.0]",101542.0,77579.0,7.0,676.868,41.0,41.0,38.0,41.0
618,1001.16,1854,[309.0],[6],117516.0,65782.0,6.0,613.628,34.0,34.0,32.0,34.0
619,1002.78,1857,"[264, 267]","[4.0, 3.0]",101542.0,77579.0,7.0,676.868,41.0,41.0,38.0,41.0
620,1004.4,1860,"[264, 267]","[3.0, 4.0]",101542.0,77579.0,7.0,676.868,41.0,41.0,38.0,41.0
621,1006.02,1863,"[264, 267]","[2.0, 5.0]",101542.0,77579.0,7.0,676.868,41.0,41.0,38.0,41.0
622,1007.64,1866,"[264, 267]","[1.0, 6.0]",101542.0,77579.0,7.0,676.868,41.0,41.0,38.0,41.0
623,1009.26,1869,[267.0],[7],101542.0,77579.0,7.0,676.868,41.0,41.0,38.0,41.0
624,1010.88,1872,[312.0],[6],118657.0,65782.0,6.0,618.192,38.0,38.0,36.0,38.0
625,1012.5,1875,"[234, 237]","[7.0, 1.0]",90132.0,89376.0,8.0,643.412,38.0,38.0,35.0,38.0
626,1014.12,1878,"[234, 237]","[6.0, 2.0]",90132.0,89376.0,8.0,643.412,38.0,38.0,35.0,38.0
627,1015.74,1881,"[234, 237]","[5.0, 3.0]",90132.0,89376.0,8.0,643.412,38.0,38.0,35.0,38.0
628,1017.36,1884,"[234, 237]","[4.0, 4.0]",90132.0,89376.0,8.0,643.412,38.0,38.0,35.0,38.0
629,1018.98,1887,"[234, 237]","[3.0, 5.0]",90132.0,89376.0,8.0,643.412,38.0,38.0,35.0,38.0
630,1020.6,1890,[270.0],[7],102683.0,77579.0,7.0,682.573,41.0,41.0,38.0,41.0
631,1022.22,1893,"[234, 237]","[1.0, 7.0]",90132.0,89376.0,8.0,643.412,38.0,38.0,35.0,38.0
632,1023.84,1896,[237.0],[8],90132.0,89376.0,8.0,643.412,38.0,38.0,35.0,38.0
633,1025.46,1899,"[237, 240]","[7.0, 1.0]",91273.0,89376.0,8.0,649.117,38.0,38.0,35.0,38.0
634,1027.08,1902,"[237, 240]","[6.0, 2.0]",91273.0,89376.0,8.0,649.117,38.0,38.0,35.0,38.0
635,1028.7,1905,"[237, 240]","[5.0, 3.0]",91273.0,89376.0,8.0,649.117,38.0,38.0,35.0,38.0
636,1030.32,1908,[318.0],[6],120939.0,65782.0,6.0,627.32,38.0,38.0,36.0,38.0
637,1031.94,1911,[273.0],[7],103824.0,77579.0,7.0,688.278,41.0,41.0,38.0,41.0
638,1033.56,1914,"[237, 240]","[2.0, 6.0]",91273.0,89376.0,8.0,649.117,38.0,38.0,35.0,38.0
639,1035.18,1917,"[237, 240]","[1.0, 7.0]",91273.0,89376.0,8.0,649.117,38.0,38.0,35.0,38.0
640,1036.8,1920,[240.0],[8],91273.0,89376.0,8.0,649.117,38.0,38.0,35.0,38.0
641,1038.42,1923,"[240, 243]","[7.0, 1.0]",92414.0,89376.0,8.0,654.822,38.0,38.0,35.0,38.0
642,1040.04,1926,[321.0],[6],122080.0,65782.0,6.0,631.884,38.0,38.0,36.0,38.0
643,1041.66,1929,"[240, 243]","[5.0, 3.0]",92414.0,89376.0,8.0,654.822,38.0,38.0,35.0,38.0
644,1043.28,1932,[276.0],[7],104965.0,77579.0,7.0,693.983,41.0,41.0,38.0,41.0
645,1044.9,1935,"[240, 243]","[3.0, 5.0]",92414.0,89376.0,8.0,654.822,38.0,38.0,35.0,38.0
646,1046.52,1938,"[240, 243]","[2.0, 6.0]",92414.0,89376.0,8.0,654.822,38.0,38.0,35.0,38.0
647,1048.14,1941,"[240, 243]","[1.0, 7.0]",92414.0,89376.0,8.0,654.822,38.0,38.0,35.0,38.0
648,1049.76,1944,[243.0],[8],92414.0,89376.0,8.0,654.822,38.0,38.0,35.0,38.0
649,1051.38,1947,"[243, 246]","[7.0, 1.0]",93555.0,89376.0,8.0,660.527,38.0,38.0,35.0,38.0
650,1053.0,1950,"[243, 246]","[6.0, 2.0]",93555.0,89376.0,8.0,660.527,38.0,38.0,35.0,38.0
651,1054.62,1953,[279.0],[7],106106.0,77579.0,7.0,699.688,41.0,41.0,38.0,41.0
652,1056.24,1956,"[243, 246]","[4.0, 4.0]",93555.0,89376.0,8.0,660.527,38.0,38.0,35.0,38.0
653,1057.86,1959,"[243, 246]","[3.0, 5.0]",93555.0,89376.0,8.0,660.527,38.0,38.0,35.0,38.0
654,1059.48,1962,[327.0],[6],124362.0,65782.0,6.0,641.012,38.0,38.0,36.0,38.0
655,1061.1,1965,"[243, 246]","[1.0, 7.0]",93555.0,89376.0,8.0,660.527,38.0,38.0,35.0,38.0
656,1062.72,1968,[246.0],[8],93555.0,89376.0,8.0,660.527,38.0,38.0,35.0,38.0
657,1064.34,1971,"[246, 249]","[7.0, 1.0]",94696.0,89376.0,8.0,666.232,38.0,38.0,35.0,38.0
658,1065.96,1974,[282.0],[7],107247.0,77579.0,7.0,705.393,41.0,41.0,38.0,41.0
659,1067.58,1977,"[246, 249]","[5.0, 3.0]",94696.0,89376.0,8.0,666.232,38.0,38.0,35.0,38.0
660,1069.2,1980,[330.0],[6],125503.0,65782.0,6.0,645.576,38.0,38.0,36.0,38.0
661,1070.82,1983,"[246, 249]","[3.0, 5.0]",94696.0,89376.0,8.0,666.232,38.0,38.0,35.0,38.0
662,1072.44,1986,"[246, 249]","[2.0, 6.0]",94696.0,89376.0,8.0,666.232,38.0,38.0,35.0,38.0
663,1074.06,1989,"[246, 249]","[1.0, 7.0]",94696.0,89376.0,8.0,666.232,38.0,38.0,35.0,38.0
664,1075.68,1992,[249.0],[8],94696.0,89376.0,8.0,666.232,38.0,38.0,35.0,38.0
665,1077.3,1995,[285.0],[7],108388.0,77579.0,7.0,711.098,41.0,41.0,38.0,41.0
666,1078.92,1998,[333.0],[6],126644.0,65782.0,6.0,650.14,38.0,38.0,36.0,38.0
667,1080.54,2001,"[249, 252]","[5.0, 3.0]",95837.0,89376.0,8.0,671.937,38.0,38.0,35.0,38.0
668,1082.16,2004,"[249, 252]","[4.0, 4.0]",95837.0,89376.0,8.0,671.937,38.0,38.0,35.0,38.0
669,1083.78,2007,"[249, 252]","[3.0, 5.0]",95837.0,89376.0,8.0,671.937,38.0,38.0,35.0,38.0
670,1085.4,2010,"[249, 252]","[2.0, 6.0]",95837.0,89376.0,8.0,671.937,38.0,38.0,35.0,38.0
671,1087.02,2013,"[249, 252]","[1.0, 7.0]",95837.0,89376.0,8.0,671.937,38.0,38.0,35.0,38.0
672,1088.64,2016,[252.0],[8],95837.0,89376.0,8.0,671.937,38.0,38.0,35.0,38.0
673,1090.26,2019,"[252, 255]","[7.0, 1.0]",96978.0,89376.0,8.0,677.642,38.0,38.0,35.0,38.0
674,1091.88,2022,"[252, 255]","[6.0, 2.0]",96978.0,89376.0,8.0,677.642,38.0,38.0,35.0,38.0
675,1093.5,2025,"[252, 255]","[5.0, 3.0]",96978.0,89376.0,8.0,677.642,38.0,38.0,35.0,38.0
676,1095.12,2028,"[252, 255]","[4.0, 4.0]",96978.0,89376.0,8.0,677.642,38.0,38.0,35.0,38.0
677,1096.74,2031,"[252, 255]","[3.0, 5.0]",96978.0,89376.0,8.0,677.642,38.0,38.0,35.0,38.0
678,1098.36,2034,[339.0],[6],128926.0,65782.0,6.0,659.268,38.0,38.0,36.0,38.0
679,1099.98,2037,[291.0],[7],110670.0,77579.0,7.0,722.508,41.0,41.0,38.0,41.0
680,1101.6,2040,[255.0],[8],96978.0,89376.0,8.0,677.642,38.0,38.0,35.0,38.0
681,1103.22,2043,"[255, 258]","[7.0, 1.0]",98119.0,89376.0,8.0,683.347,43.0,43.0,40.0,43.0
682,1104.84,2046,"[255, 258]","[6.0, 2.0]",98119.0,89376.0,8.0,683.347,43.0,43.0,40.0,43.0
683,1106.46,2049,"[255, 258]","[5.0, 3.0]",98119.0,89376.0,8.0,683.347,43.0,43.0,40.0,43.0
684,1108.08,2052,[342.0],[6],130067.0,65782.0,6.0,663.832,38.0,38.0,36.0,38.0
685,1109.7,2055,"[255, 258]","[3.0, 5.0]",98119.0,89376.0,8.0,683.347,43.0,43.0,40.0,43.0
686,1111.32,2058,[294.0],[7],111811.0,77579.0,7.0,728.213,41.0,41.0,38.0,41.0
687,1112.94,2061,"[255, 258]","[1.0, 7.0]",98119.0,89376.0,8.0,683.347,43.0,43.0,40.0,43.0
688,1114.56,2064,[258.0],[8],98119.0,89376.0,8.0,683.347,43.0,43.0,40.0,43.0
689,1116.18,2067,"[258, 261]","[7.0, 1.0]",99260.0,89376.0,8.0,689.052,43.0,43.0,40.0,43.0
690,1117.8,2070,[345.0],[6],131208.0,65782.0,6.0,668.396,38.0,38.0,36.0,38.0
691,1119.42,2073,"[258, 261]","[5.0, 3.0]",99260.0,89376.0,8.0,689.052,43.0,43.0,40.0,43.0
692,1121.04,2076,"[258, 261]","[4.0, 4.0]",99260.0,89376.0,8.0,689.052,43.0,43.0,40.0,43.0
693,1122.66,2079,[297.0],[7],112952.0,77579.0,7.0,733.918,41.0,41.0,38.0,41.0
694,1124.28,2082,"[258, 261]","[2.0, 6.0]",99260.0,89376.0,8.0,689.052,43.0,43.0,40.0,43.0
695,1125.9,2085,"[258, 261]","[1.0, 7.0]",99260.0,89376.0,8.0,689.052,43.0,43.0,40.0,43.0
696,1127.52,2088,[261.0],[8],99260.0,89376.0,8.0,689.052,43.0,43.0,40.0,43.0
697,1129.14,2091,"[261, 264]","[7.0, 1.0]",100401.0,89376.0,8.0,694.757,43.0,43.0,40.0,43.0
698,1130.76,2094,"[261, 264]","[6.0, 2.0]",100401.0,89376.0,8.0,694.757,43.0,43.0,40.0,43.0
699,1132.38,2097,"[261, 264]","[5.0, 3.0]",100401.0,89376.0,8.0,694.757,43.0,43.0,40.0,43.0
